{"site":{"title":"Hi Gang","description":null,"enableMobile":true,"websiteUrl":null,"faviconPath":"/ce/github/get/maazinalthaf.github.io/main/sources/1630021126145.png","thumbnailSocialPath":null,"descriptionSocial":null,"titleSocial":null,"lang":"","width":1306,"headUser":"","headStyle":"","headScript":"","hostingProvider":"unifile","twitterSocial":null,"dataSources":{},"fonts":[{"family":"'Roboto', sans-serif","href":"https://fonts.googleapis.com/css?family=Roboto"},{"family":"'Roboto', sans-serif","href":"https://fonts.googleapis.com/css2?family=Ubuntu&display=swap"},{"family":"'Roboto', sans-serif","href":"https://fonts.googleapis.com/css2?family=Ubuntu"}],"styles":{"all-style":{"className":"all-style","templateName":"text","displayName":"All style","styles":{"desktop":{"normal":{"className":"all-style","pseudoClass":"normal","All":{"font-family":"'Roboto', sans-serif"}}}}}},"isTemplate":false,"file":{"name":"editable.html","folder":"website-source-code/main","path":"website-source-code/main/editable.html","service":"github","url":"https://editor.silex.me/ce/github/get/website-source-code/main/editable.html","absPath":"/ce/github/get/website-source-code/main/editable.html"},"prodotypeDependencies":{},"data":{}},"pages":[{"id":"page-home","displayName":"Home","link":{"linkType":"LinkTypePage","href":"#!page-home"},"canDelete":true,"canProperties":true,"canMove":true,"canRename":true,"opened":false},{"id":"page-github","displayName":"Github","link":{"linkType":"LinkTypePage","href":"#!page-github"},"canDelete":true,"canRename":true,"canMove":true,"canProperties":true,"opened":false}],"elements":[{"id":"body-initial","pageNames":[],"classList":[],"type":"container-element","isSectionContent":false,"title":"","alt":null,"children":["silex-id-1478366444112-1","silex-id-1474394621033-3","silex-id-1478366450713-3"],"link":null,"enableEdit":false,"enableDrag":false,"enableDrop":true,"enableResize":{"top":false,"bottom":false,"left":false,"right":false},"selected":false,"useMinHeight":true,"visibility":{"desktop":true,"mobile":true},"style":{"desktop":{"background-color":"rgba(51,51,51,1)","position":"static"},"mobile":{"background-color":"rgba(0,0,0,1)"}},"data":{"component":null},"innerHtml":"","tagName":"BODY"},{"id":"silex-id-1478366444112-1","pageNames":[],"classList":[],"type":"section-element","isSectionContent":false,"title":"","alt":null,"children":["silex-id-1478366444112-0"],"link":null,"enableEdit":false,"enableDrag":true,"enableDrop":true,"enableResize":{"top":false,"bottom":false,"left":false,"right":false},"selected":false,"useMinHeight":true,"visibility":{"desktop":true,"mobile":true},"style":{"desktop":{"background-color":"rgba(0,0,0,1)","position":"static","margin-top":"-1px"},"mobile":{}},"data":{"component":null},"innerHtml":"","tagName":"SECTION"},{"id":"silex-id-1478366444112-0","pageNames":[],"classList":["website-width"],"type":"container-element","isSectionContent":true,"title":"","alt":null,"children":["silex-id-1630084388961-2"],"link":null,"enableEdit":false,"enableDrag":false,"enableDrop":true,"enableResize":{"top":true,"bottom":true,"left":true,"right":true},"selected":false,"useMinHeight":true,"visibility":{"desktop":true,"mobile":true},"style":{"desktop":{"background-color":"rgba(0,0,0,1)","height":"86.64553833007812px","position":"relative","margin-left":"auto","margin-right":"auto"},"mobile":{"height":"89.96478080749512px"}},"data":{"component":null},"innerHtml":"","tagName":"DIV"},{"id":"silex-id-1474394621033-3","pageNames":[],"classList":[],"type":"section-element","isSectionContent":false,"title":"","alt":null,"children":["silex-id-1474394621032-2"],"link":null,"enableEdit":false,"enableDrag":true,"enableDrop":true,"enableResize":{"top":false,"bottom":false,"left":false,"right":false},"selected":false,"useMinHeight":true,"visibility":{"desktop":true,"mobile":true},"style":{"desktop":{"position":"static","margin-top":"-1px","background-color":"rgba(0,0,0,0.8)"},"mobile":{}},"data":{"component":null},"innerHtml":"","tagName":"SECTION"},{"id":"silex-id-1474394621032-2","pageNames":[],"classList":["website-width"],"type":"container-element","isSectionContent":true,"title":"","alt":null,"children":["silex-id-1630084620509-4","silex-id-1630085628488-5"],"link":null,"enableEdit":false,"enableDrag":false,"enableDrop":true,"enableResize":{"top":true,"bottom":true,"left":true,"right":true},"selected":false,"useMinHeight":true,"visibility":{"desktop":true,"mobile":true},"style":{"desktop":{"background-color":"transparent","height":"849.0046997070312px","position":"relative","margin-left":"auto","margin-right":"auto","background-image":"url(https://images.unsplash.com/photo-1502481851512-e9e2529bfbf9?crop=entropy&cs=tinysrgb&fit=max&fm=jpg&ixid=MnwzNDc5fDB8MXxzZWFyY2h8MjF8fE5pZ2h0fGVufDB8fHx8MTYzMDA4MzE5Ng&ixlib=rb-1.2.1&q=80&w=1080)","background-position":"center center","background-attachment":"fixed"},"mobile":{"height":"933.1689453125px"}},"data":{"component":null},"innerHtml":"","tagName":"DIV"},{"id":"silex-id-1478366450713-3","pageNames":[],"classList":[],"type":"section-element","isSectionContent":false,"title":"","alt":null,"children":["silex-id-1478366450713-2"],"link":null,"enableEdit":false,"enableDrag":true,"enableDrop":true,"enableResize":{"top":false,"bottom":false,"left":false,"right":false},"selected":false,"useMinHeight":true,"visibility":{"desktop":true,"mobile":true},"style":{"desktop":{"background-color":"transparent","position":"static","margin-top":"-1px"},"mobile":{}},"data":{"component":null},"innerHtml":"","tagName":"SECTION"},{"id":"silex-id-1478366450713-2","pageNames":[],"classList":["website-width"],"type":"container-element","isSectionContent":true,"title":"","alt":null,"children":[],"link":null,"enableEdit":false,"enableDrag":false,"enableDrop":true,"enableResize":{"top":true,"bottom":true,"left":true,"right":true},"selected":false,"useMinHeight":true,"visibility":{"desktop":true,"mobile":true},"style":{"desktop":{"background-color":"transparent","height":"19.399112701416016px","position":"relative","margin-left":"auto","margin-right":"auto"},"mobile":{"height":"19.920196533203125px","background-color":"rgba(46,46,46,1)","opacity":null}},"data":{"component":null},"innerHtml":"","tagName":"DIV"},{"id":"silex-id-1630084388961-2","tagName":"DIV","type":"text-element","alt":null,"title":null,"isSectionContent":false,"visibility":{"desktop":true,"mobile":true},"style":{"mobile":{},"desktop":{"width":"31px","height":"26px","position":"absolute","min-height":"27px","background-color":"rgba(48,48,48,1)","top":"31.624412536621094px","left":"1243.9929809570312px","border-radius":"5px 5px 5px 5px ","border-style":"dotted"}},"data":{"component":{"name":"hamburger1","templateName":"hamburger","data":{"style":"left","links":[{"text":"Home","properties":{"href":"#!page-home","linkType":"LinkTypePage","title":"Github"}},{"text":"Github","properties":{"href":"#!page-github","linkType":"LinkTypePage"}}],"fixed":false,"background-color":"#404040","button-border-color":"#ffffff"}}},"children":[],"pageNames":[],"classList":["silex-component-hamburger","prevent-resizable","prevent-auto-z-index"],"link":null,"enableEdit":true,"enableDrag":true,"enableDrop":false,"enableResize":{"top":true,"bottom":true,"left":true,"right":true},"selected":false,"useMinHeight":true,"innerHtml":"<style>\n/* nav */\n.hamburger-menu_1630086442700_837 {\n  position: absolute;\n  z-index: 20; /* above normal silex elements */\n}\n.silex-editor .hamburger-menu_1630086442700_837 nav {\n  left: -9999px;\n}\n.hamburger-menu_1630086442700_837 nav ul {\n  margin-top: 80px;\n}\n.hamburger-menu_1630086442700_837 nav {\n  opacity: 0; /* avoid flicker at start */\n  position: absolute;\n  background-color: #404040;\n  transition: left 1s ease, height 0s ease 1s;\n  left: -300px;\n  width: 300px;\n  height: 20px\n}\n.hamburger-menu_1630086442700_837.open nav {\n  opacity: 1;\n  height: 100vh;\n  left: 0;\n  transition: left 1s ease, height 0s ease 0s;\n}\n\n.hamburger-menu_1630086442700_837 .nav-container {\n  z-index: 10;\n  position: absolute;\n}\n.hamburger-menu_1630086442700_837.open .nav-container {\n}\n\n/* hamburger button */\n.hamburger-menu_1630086442700_837 .hamburger-btn {\n    z-index: 20;\n    cursor: pointer;\n    position: absolute;\n}\n.hamburger-menu_1630086442700_837 .hamburger-btn span {\n    display: block;\n    width: 30px;\n    height: 5px;\n    margin-bottom: 3px;\n    position: relative;\n    background-color: #000000;\n    border: 1px solid #ffffff;\n    border-radius: 3px;\n    transition: border-color 0.1s ease-in,\n      opacity 0.1s ease-in,\n      transform 0.1s ease-in,\n      background 0.1s ease-in\n}\n\n.hamburger-menu_1630086442700_837.open .hamburger-btn span {\n    border-color: rgba(255, 255, 255, 0);\n}\n\n.hamburger-menu_1630086442700_837 .hamburger-btn span:first-child {\n    transform-origin: 4px -2px;\n}\n.hamburger-menu_1630086442700_837.open .hamburger-btn span:first-child {\n    transform: rotate(45deg) translate(7px, -4px);\n}\n\n.hamburger-menu_1630086442700_837.open .hamburger-btn span:nth-last-child(2) {\n    opacity: 0;\n}\n\n.hamburger-menu_1630086442700_837 .hamburger-btn span:nth-child(3) {\n    transform-origin: -11px 4px;\n}\n.hamburger-menu_1630086442700_837.open .hamburger-btn span:nth-child(3) {\n    transform: rotate(-45deg) translate(0, 12px);\n}\n\n/* themes */\n\n\n</style>\n<!-- inspired by https://codepen.io/erikterwan/pen/EVzeRP -->\n<div class=\"hamburger-menu_1630086442700_837 closed\">\n    <div class=\"hamburger-btn \">\n      <span></span>\n      <span></span>\n      <span></span>\n    </div>\n    <div class=\"nav-container\">\n      <div class=\"prevent-scale\">\n        <nav role=\"navigation\" class=\"\">\n            <ul>\n            \n                <li><a\n                    \n                        href=\"#!page-home\"\n                    \n                        linkType=\"LinkTypePage\"\n                    \n                        title=\"Github\"\n                    \n                >Home</a></li>\n            \n                <li><a\n                    \n                        href=\"#!page-github\"\n                    \n                        linkType=\"LinkTypePage\"\n                    \n                >Github</a></li>\n            \n            </ul>\n        </nav>\n      </div>\n  </div>\n</div>\n<script>\n(function() {\n  var isOpen = false;\n  function close() {\n    isOpen = false;\n    $('.hamburger-menu_1630086442700_837').removeClass('open');\n    $('.hamburger-menu_1630086442700_837').addClass('closed');\n  }\n  function open() {\n    isOpen = true;\n    $('.hamburger-menu_1630086442700_837').addClass('open');\n    $('.hamburger-menu_1630086442700_837').removeClass('closed');\n  }\n  function toggle() {\n    if(isOpen) close();\n    else open();\n  }\n  var silexElement = $('.hamburger-menu_1630086442700_837').closest('.editable-style');\n  function move(data) {\n    var offset = silexElement.offset();\n    $('.hamburger-menu_1630086442700_837 .nav-container').css({\n      'transform': 'translate(' + (data.scrollLeft - (offset.left/data.scale)) + 'px, ' + (data.scrollTop - (offset.top/data.scale)) + 'px)'\n    });\n  }\n  $('.hamburger-menu_1630086442700_837 .hamburger-btn').click(function() { toggle(); });\n  $(document).on('silex.scroll silex.resize', function(e) {\n    close();\n    move(window.silex);\n  });\n  close();\n})();\n</script>\n"},{"id":"silex-id-1630084620509-4","tagName":"DIV","type":"container-element","alt":null,"title":null,"isSectionContent":false,"visibility":{"desktop":true,"mobile":true},"style":{"mobile":{},"desktop":{"width":"600px","height":"300px","background-color":"rgba(56,56,56,1)","position":"absolute","top":"38.73944091796875px","left":"28.997650146484375px","border-style":"dashed","border-width":"8px 8px 8px 8px ","border-radius":"15px 15px 15px 15px ","opacity":"0.7"}},"data":{"component":null},"children":[],"pageNames":["page-github"],"classList":[],"link":null,"enableEdit":false,"enableDrag":true,"enableDrop":true,"enableResize":{"top":true,"bottom":true,"left":true,"right":true},"selected":false,"useMinHeight":true,"innerHtml":""},{"id":"silex-id-1630085628488-5","tagName":"DIV","type":"text-element","alt":null,"title":null,"isSectionContent":false,"visibility":{"desktop":true,"mobile":true},"style":{"mobile":{},"desktop":{"width":"100px","height":"100px","position":"absolute","top":"213px","left":"657px"}},"data":{"component":null},"children":[],"pageNames":[],"classList":[],"link":null,"enableEdit":true,"enableDrag":true,"enableDrop":false,"enableResize":{"top":true,"bottom":true,"left":true,"right":true},"selected":false,"useMinHeight":true,"innerHtml":"<p>Hi Gang</p>"}]}